fiber_id,u_px,v_px,X_true_um,Y_true_um,X_meas_um,Y_meas_um,dX_um,dY_um,radial_err_um,detect_success
0,7870.729817563253,5687.580069301334,107120.88931958782,49101.44553208136,107119.08886848281,49100.713986310366,1.8004511050094152,0.7315457709919428,1.9433948123286273,True
1,6661.1205866740975,5860.272523438955,-60969.50877367686,74592.55234712514,-60972.59317344574,74594.13541519214,3.0843997688789386,-1.5830680670042057,3.466933290247864,True
2,7787.519916029856,5592.83018801889,95421.75494532936,36015.59756426074,95422.18377842657,36016.6867388169,-0.42883309720491525,-1.0891745561602875,1.1705550132502613,True
3,8020.964557572304,5633.40012836577,127965.15684348339,41383.50314375752,127963.68570510276,41382.09160258273,1.4711383806279628,1.4115411747916369,2.0387978377192817,True
4,7618.014902801073,5446.784623086351,71654.3795054993,15902.198044328048,71656.61995423793,15901.647623365308,-2.2404487386374967,0.5504209627397358,2.3070703904921688,True
5,6163.825242099371,5325.150450453681,-130825.03489392053,744.380340485106,-130823.7919583738,744.915060974825,-1.242935546732042,-0.5347204897190068,1.3530760420077708,True
6,6146.363369016311,5460.59781036772,-133092.4673744119,19613.622805313265,-133090.8634675508,19613.22851966187,-1.6039068610989489,0.3942856513967854,1.6516592850759717,True
7,6479.873809488453,5407.815690926185,-86737.0596071003,11861.857788041816,-86736.97971833743,11862.707142962443,-0.07988876286253799,-0.8493549206268654,0.8531037425921747,True
8,7565.032200366351,5839.0351903365745,64765.29538780835,70539.22627643496,64764.28260885046,70541.0224674311,1.012778957890987,-1.7961909961450147,2.062043479701428,True
9,6139.465522245483,4779.942430157706,-134889.1844622302,-75095.04022695677,-134886.4234846479,-75094.76509410013,-2.7609775822784286,-0.27513285663735587,2.7746522842773413,True
10,7294.5273798891385,5994.966638410453,27318.833173567866,92563.68964921898,27317.955669127823,92564.65399012885,0.877504440042685,-0.9643409098644042,1.3038279920038276,True
11,6237.767721497128,6177.037872935593,-119516.81830010346,119207.59927963006,-119518.45669560395,119208.18064065586,1.6383955004857853,-0.5813610258046538,1.7384822283637835,True
12,7408.841272570285,6081.164296015486,43330.71678372705,104422.0789466821,43329.133387519854,104422.97200990803,1.5833962071992573,-0.8930632259289268,1.8178848903271008,True
13,7401.048605599138,6060.464390875392,42218.21779626192,101552.86487449746,42219.38426969208,101551.46094394261,-1.1664734301593853,1.4039305548503762,1.8252893650351134,True
14,7360.165529142323,5207.556993296835,35490.54879040108,-17064.979340328617,35491.20868932131,-17066.807633018794,-0.6598989202320809,1.8282926901774772,1.9437388574291206,True
15,7485.599422915958,5632.870421022802,53457.3152134087,41951.683622849494,53459.48688521191,41951.2476456704,-2.1716718032112112,0.43597717909142375,2.2150021493333023,True
16,6713.754295796443,5319.755288952322,-54301.445617991616,-671.6365649372456,-54301.227489124125,-672.7973723973518,-0.218128867491032,1.1608074601061844,1.181124109596909,True
17,7268.891678392105,4469.689607921171,21902.223750645848,-119626.99067867333,21900.552064328476,-119626.05174293448,1.6716863173714955,-0.9389357388572535,1.9173250807806403,True
18,6157.195707377802,5626.699304305041,-131384.44780281046,42713.072149465675,-131383.7689663318,42713.170385014506,-0.6788364786771126,-0.09823554883041652,0.685907565082027,True
19,7492.530986350126,5185.243982343932,53879.35092586302,-20332.017000176696,53879.861559813406,-20332.239619517713,-0.5106339503836352,0.2226193410169799,0.5570515256950933,True
20,7779.5758890125035,6210.145275838071,95082.92361318017,121936.90646884646,95081.78215364156,121935.62818435051,1.1414595386158908,1.278284495943808,1.713750603462335,True
21,6658.087307609154,4483.48706521566,-63072.40513531884,-116969.7431053429,-63072.31693027295,-116969.1188485816,-0.08820504588948097,-0.624256761308061,0.6304574800565022,True
22,7135.011303133919,4883.17807964085,3775.148401504586,-61921.64651772243,3774.3159966100093,-61921.94885407192,0.8324048945769391,0.3023363494867226,0.8856100590760038,True
23,7158.275580266659,6255.977652055433,8678.546327759192,129055.76098676585,8679.111762424238,129056.75226508953,-0.5654346650462685,-0.9912783236795804,1.1412050978824906,True
24,7982.742916076001,4447.036759586986,121223.76721774082,-123669.58685903311,121222.4306389451,-123668.47376795745,1.33657879573002,-1.1130910756619414,1.7393719038530455,True
25,6167.742158200823,6179.74528752942,-129262.70438434705,119674.85794314489,-129264.38847471558,119673.6591137072,1.6840903685369994,1.1988294376933482,2.067208840460788,True
26,7066.494003624144,5752.398717435834,-4701.315505662962,59089.10238663797,-4702.921303422165,59088.875153230314,1.6057977592026873,0.22723340765514877,1.6217957531745306,True
27,7509.85597372148,5166.9520452308125,56266.46743860014,-22896.569527495085,56268.210875966884,-22898.194448846763,-1.7434373667420004,1.6249213516784948,2.3832631518346745,True
28,7455.190760086255,4393.891353093418,47734.745240029384,-130406.61540486167,47733.1158599654,-130406.33236598442,1.6293800639832625,-0.28303887725633103,1.6537806380970317,True
29,6332.9772535638585,6019.990732773609,-106449.2600554039,97226.6403418621,-106449.11557145807,97227.98479603363,-0.14448394582723267,-1.3444541715289233,1.352195485106843,True
30,6266.042931177881,4966.724947195853,-117032.59481666624,-49250.846648167964,-117034.20991700672,-49251.75040522891,1.615100340481149,0.9037570609434624,1.850763608629554,True
31,6523.885462483149,6085.321736068953,-79800.19259974957,106082.84733892334,-79801.29794926094,106083.03216719006,1.1053495113737881,-0.18482826671970543,1.1206957796266044,True
32,7977.259776552341,5159.389530807578,121302.36770797832,-24521.533121248096,121302.77223430439,-24521.259131984163,-0.4045263260632055,-0.27398926393289,0.48858127801695567,True
33,7955.114321594205,4899.759390358246,117909.89692998136,-60619.85422248181,117909.41200317771,-60621.59403930903,0.48492680364870466,1.7398168272193288,1.8061330507945645,True
34,6663.5035263689915,5496.65613923571,-61077.83834298946,23997.491354579135,-61078.57724804189,23999.233865798415,0.7389050524288905,-1.7425112192795496,1.8927033644552027,True
35,7693.2666878037035,5271.654027708441,81914.02374959012,-8553.99573674114,81915.01046551178,-8554.94505069121,-0.9867159216519212,0.9493139500700636,1.3692352923581204,True
36,6571.322230018592,6177.546924014271,-73088.59205669723,118858.8182811958,-73090.18131431834,118860.87685793504,1.5892576211044798,-2.0585767392476555,2.6006687558415007,True
37,6637.09598796932,5075.852509867201,-65263.539274479364,-34513.311213763445,-65263.846232457676,-34512.87981055819,0.30695797831140226,-0.43140320525708375,0.5294638098634399,True
38,6465.718499387216,5498.818961588338,-88597.17783357025,24540.00956840234,-88596.8859161788,24541.34492412876,-0.29191739145608153,-1.335355726419948,1.3668908806181532,True
39,7679.414809048648,5858.871833246914,80705.37753290505,73162.98940387732,80705.29479537327,73164.45993431113,0.08273753178946208,-1.47053043381311,1.4728561558880031,True
40,7041.336614090945,6062.748560286819,-7826.075165409435,102305.78991440442,-7826.562542976255,102304.44674237154,0.48737756682021427,1.3431720328808296,1.4288624855292453,True
41,7674.224788460422,5213.962493394443,79193.26156675283,-16556.971975325243,79195.50787636467,-16558.252143513648,-2.246309611844481,1.2801681884047866,2.5854859239354786,True
42,7390.544040018918,5729.005358752702,40352.086838363844,55440.48272078592,40351.69915378743,55441.39192889131,0.38768457641708665,-0.9092081053895527,0.9884122164854883,True
43,6290.755342786581,5787.517405161642,-112601.0349791722,64926.46073434831,-112601.10321697927,64927.08579685547,0.06823780707782134,-0.6250625071625109,0.628776221063642,True
44,7015.531658198703,4814.532633343838,-12929.596830429713,-71328.12870989167,-12931.5436908741,-71328.15362219738,1.9468604443864024,0.02491230571467895,1.9470198285822466,True
45,7349.704368533212,5339.9268547704405,34197.10256209699,1360.5617772396945,34196.32953359982,1360.9712299169043,0.7730284971694346,-0.4094526772098561,0.8747711428198538,True
46,7341.0357456650045,5918.142298138722,33693.67138475904,81817.91832475326,33694.808649803555,81818.0105095354,-1.137265044511878,-0.09218478213006165,1.1409950988172433,True
47,7673.824683293338,4912.410412711755,78777.87424749549,-58513.58754165194,78776.74178893039,-58513.980147535665,1.1324585651018424,0.3926058837241726,1.198583239331905,True
48,6364.380825023353,6273.025366605527,-101779.94288776856,132411.65245528752,-101780.80575005144,132411.64588756266,0.8628622828837251,0.006567724863998592,0.8628872778255586,True
49,6156.927328557097,4809.232375323749,-132420.38474171018,-71038.65989626144,-132418.82553181375,-71038.99884341011,-1.5592098964261822,0.3389471486734692,1.59562547946165,True
50,7984.550912240371,5564.888192934295,122812.2864687379,31890.98421293276,122810.66092565017,31892.248041583032,1.6255430877354229,-1.2638286502733536,2.0590418129159445,True
51,7407.7647629251405,5623.043431095219,42617.13497292012,40677.730852751614,42618.288793831285,40678.072124742255,-1.1538209111677133,-0.34127199064096203,1.2032328397462966,True
52,6463.13808167827,6074.804688720361,-88266.65663590745,104693.90477961433,-88268.13103596232,104694.83424830958,1.4744000548671465,-0.9294686952489428,1.7429192687098323,True
53,6701.763961121589,5356.237631187698,-55924.376080148984,4415.016704999725,-55925.20908303977,4417.229972220966,0.8330028907876112,-2.21326722124104,2.3648352180819177,True
54,7379.437007482113,5090.203238655755,38027.9452902358,-33415.65446993921,38030.27026159013,-33416.68847499,-2.324971354326408,1.0340050507875276,2.5445349758831157,True
55,7908.470714027048,6143.907489001849,112942.30640187266,112564.38988478319,112940.2017062495,112563.91152633126,2.1046956231584772,0.4783584519318538,2.1583721816862567,True
56,6594.667954459862,4832.702905584461,-71464.61236583536,-68293.28750995768,-71465.56376989685,-68293.31988269887,0.9514040614885744,0.032372741188737564,0.9519546641458447,True
57,6444.78096050884,5142.17651884482,-91940.84851242436,-25052.728639209483,-91943.17201256087,-25053.39241590671,2.3235001365101198,0.6637766972271493,2.41645450777463,True
58,7519.497610198483,5075.161691212689,57498.05253772109,-35680.784373854185,57498.793563134815,-35680.35014507638,-0.7410254137284937,-0.4342287778054015,0.8588790923441192,True
59,6237.749940525472,6126.989246380587,-119577.62565725658,112241.93066011823,-119579.34062236467,112240.97617871786,1.714965108098113,0.9544814003747888,1.962686950498064,True
60,7870.400614152318,5898.498392690691,107333.57908884552,78452.57918596739,107334.2252673796,78451.77274506757,-0.6461785340798087,0.8064408998179715,1.0333893858583754,True
61,7748.9776118714,4921.023738876542,89245.80070307007,-57409.084087618074,89245.24361664914,-57408.02963942471,0.5570864209294086,-1.0544481933611678,1.1925629010104954,True
62,6981.278198953723,6052.192347624787,-16194.400365718262,100910.40887336721,-16195.521879374366,100908.62189612856,1.1215136561040708,1.7869772386475233,2.1097584061385435,True
63,6755.763613140953,4502.780169749253,-49455.66791503783,-114400.69974030856,-49456.46700095191,-114399.97734696305,0.7990859140772955,-0.7223933455097722,1.0772142051205729,True
64,7567.885892250188,6125.57217632391,65514.735922120104,110413.83921353854,65515.05295363733,110413.61402402322,-0.3170315172246774,0.22518951531674247,0.38886925916350124,True
65,7310.369635507432,4987.262279707489,28296.398516108893,-47654.62204958372,28296.758951085543,-47654.17802838661,-0.36043497665014,-0.4440211971086683,0.5718987636589205,True
66,7184.435609611542,5520.95677954462,11424.616795641283,26746.561522058328,11424.061477306503,26746.151934943282,0.5553183347801678,0.4095871150457242,0.6900290267477868,True
67,6348.242284937654,5615.9020799826585,-104805.78451323055,40974.377120916935,-104804.79790975353,40975.80451088751,-0.9866034770238912,-1.427389970573131,1.7351739247027647,True
68,7022.494275980596,4656.034411862073,-12156.526362392528,-93391.04097479486,-12156.008947104181,-93391.74641436519,-0.5174152883464558,0.7054395703307819,0.8748505975325868,True
69,7463.395806526824,5175.335715562577,49811.3716940243,-21676.08637859211,49814.2623363299,-21675.19162454313,-2.890642305595975,-0.894754048978939,3.025954022629131,True
70,6788.9311780017715,5107.88608936165,-44100.048208451626,-30239.421514678994,-44099.61301275255,-30239.469728729357,-0.4351956990794861,0.04821405036273063,0.4378583003092011,True
71,6298.753028950909,6237.384497344093,-110957.59486561512,127533.31133728707,-110958.17830385735,127532.44712533988,0.5834382422326598,0.8642119471915066,1.0427187886329043,True
72,6174.862817358458,4502.877017805777,-130306.50009277412,-113701.72539137855,-130307.2032780162,-113701.92963969016,0.70318524207687,0.2042483116092626,0.7322478115159791,True
73,7643.00960683972,5537.250667968699,75244.2278672641,28459.0830980131,75244.77468507228,28457.76281196,-0.5468178081791848,1.3202860530982434,1.429043378399559,True
74,7771.7358631288635,5373.66573445189,92956.34890908058,5542.907513776678,92958.20850271353,5542.561304265833,-1.859593632951146,0.34620951084434637,1.8915468551192496,True
75,6303.601108200951,5890.559513740336,-110687.06501642115,79251.5094209275,-110690.89787520669,79250.88647802729,3.832858785535791,0.6229429002123652,3.883151339670383,True
76,7723.107349125134,6011.670082131259,86973.40574427348,94377.08881493236,86974.89182302763,94376.43151812495,-1.4860787541547325,0.657296807403327,1.62495204746869,True
77,7820.995060662831,4413.928843199676,98666.65998204015,-128072.29102309086,98667.56072238111,-128073.49026002137,-0.9007403409632389,1.1992369305080501,1.4998341166052136,True
78,7992.467533065016,6289.952425370965,124818.3580860837,132797.39477891196,124818.53104120762,132798.28841849146,-0.17295512392593082,-0.8936395795026328,0.9102225952731983,True
79,6526.303833568936,4357.600857574526,-81569.05582823855,-134339.03930678923,-81569.28054221513,-134337.91271258777,0.22471397658227943,-1.1265942014579196,1.1487866930070303,True
80,7200.219007999312,4388.066534689172,12248.188587715558,-130904.01544252511,12246.528068724552,-130903.85199086495,1.660518991006029,-0.16345166016253643,1.6685442051985226,True
81,6776.380094609275,6097.388935577033,-44650.261128584854,107447.99971252694,-44650.54831032684,107450.03831890337,0.28718174198729685,-2.0386063764308346,2.0587348811722497,True
82,7526.873937177586,5626.240841924097,59192.34521261355,40978.89607602844,59194.136367013365,40979.066187690245,-1.7911543998125126,-0.17011166180600412,1.7992142900305461,True
83,6532.429971896993,6228.466549757449,-78442.22777867946,125997.79132433375,-78442.63838743237,125997.50267115986,0.4106087529071374,0.2886531738913618,0.5019165296755143,True
84,7478.144868318445,5379.025371137023,52113.15595837645,6643.603446435154,52113.215205891625,6644.332953153303,-0.059247515178867616,-0.7295067181485138,0.7319086827457953,True
85,7287.876375333069,5979.433984701278,26373.57983705416,90410.10768543073,26373.58122158859,90411.17078416035,-0.0013845344292349182,-1.0630987296171952,1.0630996311960983,True
86,6769.9609058858505,6030.593421550908,-45624.436889468256,98159.25154726481,-45623.87768693963,98161.82200360966,-0.5592025286241551,-2.5704563448525732,2.6305804091136427,True
87,6791.28647296374,5030.270417152326,-43865.960002654654,-41040.9594883252,-43866.549880907885,-41040.6580078799,0.5898782532312907,-0.30148044529778417,0.6624551400148911,True
88,6885.063371971958,5978.446394563309,-29671.027979609105,90763.82491250106,-29671.386191813646,90763.58458345862,0.3582122045409051,0.2403290424408624,0.43136299345516077,True
89,7437.038682941705,5015.84665093879,45953.54356028279,-43831.87311156343,45954.419726453474,-43831.95704353688,-0.8761661706812447,0.08393197345139924,0.8801771042316895,True
90,7090.317948568692,5300.377453724085,-1937.0806526971282,-3827.0665777408867,-1936.9536413737305,-3825.805228020727,-0.12701132339770993,-1.2613497201596147,1.267728280357418,True
91,6322.840055643538,5076.071288500114,-108995.21390775425,-34105.05134937265,-108994.42061787221,-34104.50894809924,-0.7932898820436094,-0.5424012734074495,0.9609932249224167,True
92,6192.939782271357,6147.483571533717,-125794.67401244013,115152.08469415651,-125793.77166759191,115150.47947292164,-0.9023448482184904,1.60522123487317,1.8414563361628196,True
93,6844.197293530313,4810.836528007886,-36771.63517314906,-71635.3374538348,-36773.29336025645,-71635.4660993535,1.658187107394042,0.1286455187073443,1.663169910926512,True
94,6672.365576723916,5800.651999200797,-59478.14984920688,66282.93022484338,-59479.45248795963,66284.29707998202,1.3026387527497718,-1.3668551386363106,1.8881633113112777,True
95,6251.555754910455,4562.847177866276,-119555.33299097448,-105442.85922755772,-119554.36846175659,-105443.31712818329,-0.9645292178902309,0.45790062556625344,1.0677029526314457,True
96,7487.040527570898,6117.166777773221,54253.996876964025,109340.43601065665,54254.686040601395,109340.10810484353,-0.6891636373693473,0.3279058131156489,0.7631963976246114,True
97,6405.959579014112,4944.7910360006645,-97585.2725767394,-52470.693999508454,-97587.78173662243,-52470.9527602564,2.509159883033135,0.2587607479435974,2.5224671342356846,True
98,6471.461034858365,6081.477656657806,-87100.82701315853,105612.44452700138,-87101.88055167835,105613.24452875859,1.0535385198163567,-0.8000017572048819,1.322855330059844,True
99,6939.744678792817,4958.648347303424,-23300.823372871033,-51183.880898003554,-23299.699029609936,-51184.786416038194,-1.1243432610972377,0.9055180346404086,1.4436449285865964,True
100,7088.735952577956,4815.2373553239595,-2745.477446505887,-71318.78708977503,-2746.186683017051,-71318.87269078748,0.7092365111639083,0.0856010124552995,0.7143836239033793,True
101,7594.448088177041,4459.906771655595,67192.30475077577,-121390.25703329778,67190.99186928525,-121389.54293812368,1.3128814905212494,-0.7140951741021127,1.494519898104145,True
102,6539.238008217982,4562.5582620532,-79514.32960552908,-105820.00757116114,-79513.34698870272,-105822.2677931568,-0.9826168263680302,2.260221995660686,2.4645769002264775,True
103,7707.493985299834,6000.523865919649,84787.03689494144,92842.28675072605,84788.15944950019,92843.70311250695,-1.1225545587512897,-1.416361780895386,1.807265733575019,True
104,7914.00925291973,5236.92719538304,112592.59857180939,-13654.131687589164,112592.72228034075,-13655.346889362158,-0.12370853136235382,1.2152017729931686,1.2214823575547749,True
105,7781.910180227254,5426.040687474884,94437.16435378115,12816.34469333358,94437.79541699201,12817.248290914778,-0.6310632108652499,-0.9035975811984827,1.1021476148208584,True
106,7116.355996443743,5130.2498423721945,1478.3341896554048,-27524.365385193756,1478.9010075024014,-27525.112788976723,-0.5668178469966278,0.7474037829670124,0.9380271245903785,True
107,7537.537871150582,6099.5677397567615,61258.896148947795,106832.24425452104,61259.75041038954,106830.38713462635,-0.8542614417456207,1.857119894688367,2.0441763412437384,True
108,7801.8665124987965,4687.241826464001,96326.72859887817,-90005.82645319725,96327.23762930199,-90006.20735651061,-0.5090304238256067,0.38090331335843075,0.6357667076117683,True
109,7375.778536047848,4914.598165264656,37307.08623544974,-57841.46190839227,37309.06503224498,-57843.92332431738,-1.9787967952433974,2.4614159251068486,3.158196496932251,True
110,7313.302384582943,6160.148751549764,30131.33536613069,115530.04183562356,30132.662295174607,115530.80551035739,-1.326929043916607,-0.76367473382561,1.5309930720526,True
111,7053.171345038954,4402.3679366657,-8197.080851424602,-128736.40702380067,-8196.975426799889,-128734.29656455168,-0.1054246247131232,-2.1104592489864444,2.113090767839453,True
112,6653.61520793359,5946.198977603336,-61915.20960814391,86559.9505854728,-61914.03863940643,86560.48031217672,-1.1709687374750501,-0.5297267039131839,1.2852152212694334,True
113,7593.232234108108,4823.491562206401,67453.78451934486,-70787.24175405418,67455.59125101271,-70787.43569345787,-1.8067316678498173,0.19393940368900076,1.8171108419451543,True
114,6656.405990641105,6291.630858297824,-61112.89831767553,134634.7337202349,-61113.80825567743,134636.17323238688,0.909938001903356,-1.4395121519919485,1.7029921911272414,True
115,7034.555025547298,5739.426724939027,-9161.634114350876,57322.15655745304,-9162.059354457473,57322.90571082054,0.4252401065969025,-0.7491533674983657,0.8614289966635013,True
116,7536.3703528302585,5734.57009551039,60647.235384473024,56040.10896124557,60647.98253887801,56039.887169035,-0.7471544049840304,0.2217922105701291,0.7793789126969147,True
117,7512.075145774237,6225.262089819324,57871.84291437641,124356.37403904676,57872.09353632921,124356.18059580633,-0.2506219528004294,0.19344324042322114,0.3165938257309147,True
118,7039.240315000748,6162.357816063938,-7998.173605111995,116169.38497575998,-7997.433012474259,116170.26572166548,-0.740592637735972,-0.8807459054951323,1.1507348978436194,True
119,7130.621124430154,6295.419659422321,4880.543413984589,134581.26677955873,4879.223417370369,134580.82822638555,1.3199966142201447,0.43855317318229936,1.3909421078035238,True
120,7048.45599957667,5066.248239964483,-8043.431598223149,-36347.920170990124,-8044.888403470293,-36346.611778321945,1.456805247144075,-1.3083926681792946,1.9581044155641556,True
121,6239.9543450105875,4908.4142912461275,-120738.18382632903,-57335.88179257998,-120737.66264254798,-57334.873459892326,-0.5211837810493307,-1.0083326876556384,1.1350627042695571,True
122,6181.501503509914,4535.539087767113,-129342.63303271073,-109161.46396805326,-129341.56701945404,-109162.77099071014,-1.0660132566845277,1.3070226568815997,1.6866216199933488,True
123,7234.126659083336,4964.938204813065,17660.385033629544,-50665.980257793446,17662.578070103988,-50667.146336285856,-2.193036474443943,1.1660784924097243,2.483776968389484,True
124,6440.154250233786,5273.8844731535855,-92426.44319704008,-6723.617587732966,-92426.56976260954,-6722.972753125219,0.12656556945876218,-0.6448346077468159,0.6571381245373081,True
125,6749.013305169265,5215.630478734759,-49520.71652673883,-15200.517617114325,-49522.14176726185,-15201.49792259329,1.4252405230145087,0.9803054789645103,1.729829292309073,True
126,6623.575372567743,5603.848047011271,-66505.11502476664,38961.84733153632,-66504.80669279187,38961.37354023413,-0.30833197476749774,0.4737913021890563,0.5652847111801508,True
127,6688.809423267342,4853.549300643882,-58340.80603922653,-65505.636265004505,-58340.7315727656,-65505.41642116323,-0.07446646093012532,-0.21984384127426893,0.23211326620786635,True
128,7316.7570899041375,5670.735885799611,30015.059818372974,47423.20381975983,30014.87692964363,47423.503077786656,0.18288872934499523,-0.29925802682555513,0.3507187675915727,True
129,7495.6021690262,5551.668795254342,54753.288704270904,30643.429837944335,54752.134859521524,30641.791193944675,1.1538447493803687,1.6386439996604167,2.0041237145684727,True
130,6864.361513537848,5753.397657333611,-32823.47936528284,59472.68618100259,-32823.183673891304,59474.2447464137,-0.29569139153318247,-1.5585654111127951,1.5863667733988964,True
131,7171.879605212745,5084.045989531114,9147.882839045109,-34021.7010591421,9147.151977090707,-34020.50850534324,0.7308619544019166,-1.1925537988572614,1.3986935903052802,True
132,6628.228449440493,4915.913773717051,-66692.53209669086,-56755.109856171825,-66693.48246046461,-56755.20206579217,0.9503637737507233,0.09220962034305558,0.9548266421406173,True
133,7591.810170018097,6181.437194205391,68914.30935493621,118160.96498721527,68913.68661559964,118161.06749282726,0.6227393365697935,-0.10250561199791264,0.6311193879151972,True
134,7545.724170767607,4948.691928307189,60995.14841469069,-53306.593844135976,60995.47716194885,-53308.4071449006,-0.32874725816509454,1.813300764624728,1.8428603915488797,True
135,7251.696498123098,4762.585898952069,19861.963970631536,-78841.21735674178,19862.00640633493,-78843.39730480022,-0.042435703395312885,2.1799480584450066,2.1803610541469522,True
136,6733.242323436699,5503.356011593043,-51367.4459087696,24846.123138056777,-51367.52491670001,24846.37351763279,0.07900793040607823,-0.25037957601307426,0.2625493956411603,True
137,6349.062423757052,4803.548417670183,-105681.74761807511,-72056.36616636312,-105681.06340485075,-72057.65319626116,-0.6842132243618835,1.28702989804151,1.4575986055304886,True
138,6759.209116959366,5803.159108850543,-47393.809053370554,66524.87509516059,-47393.169643085515,66526.62171322443,-0.6394102850390482,-1.7466180638439255,1.8599785411556822,True
139,7278.8148578634,5972.49445322434,25102.645267940563,89457.65313301253,25104.344873733062,89456.42411857986,-1.6996057924989145,1.2290144326689187,2.097411815930378,True
140,7018.594600662625,5325.910258381957,-11884.032435155808,-186.85383249892038,-11883.834879871123,-186.65612203005296,-0.19755528468522243,-0.19771046886742738,0.27949511624863366,True
141,6524.332530151382,4404.778349012701,-81784.92288693899,-127765.91381011555,-81784.59398339831,-127767.57598901515,-0.32890354067785665,1.662178899598075,1.694407339850574,True
142,7363.644067811087,5295.1361726964515,36082.33860845573,-4886.698937662353,36081.31721352235,-4887.153374798726,1.0213949333774508,0.45443713637268957,1.117926974736605,True
143,7915.471977961472,4768.130799496646,112234.57678702206,-78889.65626655082,112235.19034195015,-78890.24549104477,-0.6135549280879786,0.5892244939459488,0.850667475601897,True
144,6231.677024440071,5427.481252610153,-121255.00914845672,14900.469496356585,-121255.20469548402,14901.086461142193,0.1955470272951061,-0.6169647856077063,0.6472126285571967,True
145,6878.563473366586,5333.412181808574,-31354.764363790353,1025.972340824519,-31355.59204951,1027.0651861724166,0.8276857196469791,-1.092845347897537,1.3709028429939252,True
146,7633.871808485549,5708.018760527935,74180.6597172484,52228.46329116193,74182.22983124376,52228.382291228,-1.5701139953598613,0.08099993392534088,1.5722019424109666,True
147,7140.6670835903,5342.906377220443,5118.095559518406,2029.5485166505678,5119.012346258707,2029.4632292550143,-0.9167867403011769,0.08528739555345055,0.9207452780396695,True
148,7375.495901035029,4773.1141577426015,37099.07120193934,-77526.95005709215,37099.06738750451,-77529.82263851952,0.003814434829109814,2.8725814273639116,2.872583959912948,True
149,7915.878404747808,5747.919550255717,113476.42541047657,57441.77619283923,113477.50444125856,57443.16308618855,-1.0790307819843292,-1.3868933493213262,1.7572081808543458,True
150,6933.992522157026,4495.978763258272,-24663.993217277413,-115560.60697901537,-24665.324906240556,-115560.32017432818,1.3316889631423692,-0.28680468718812335,1.3622233382042297,True
151,7941.565911611311,6236.263695291822,117664.86925270647,125382.814834321,117663.85455611526,125382.37966492336,1.0146965912135784,0.43516939764958806,1.1040749869783124,True
152,7641.622191253794,5614.87753966489,75145.83935192408,39260.09773941999,75146.58045133372,39259.76742426634,-0.7410994096426293,0.33031515364564257,0.8113793414307503,True
153,6839.701198081467,5802.965629668768,-36194.45624071111,66401.10084337578,-36194.331448538855,66401.15778977494,-0.1247921722533647,-0.05694639915600419,0.13717134770989312,True
154,7735.36775123892,4859.283629238127,87275.86633001346,-65983.35107088061,87277.40013516761,-65982.26868882017,-1.533805154147558,-1.082382060441887,1.8772610835086414,True
155,7088.856007909896,4889.320350108915,-2639.25056639596,-61009.365361738426,-2639.4431425792154,-61011.26751905614,0.19257618325536896,1.9021573177160462,1.9118807618933533,True
156,8062.771796510452,4975.424263336913,132985.81233342807,-50225.43887364052,132985.5541146192,-50225.337114741655,0.2582188088563271,-0.1017588988688658,0.2775460804014073,True
157,7141.659519695089,5591.735405726349,5560.400577298511,36643.92708736018,5559.0879971923505,36644.87660306099,1.312580106160567,-0.9495157008132082,1.6200143830161766,True
158,7295.972305817646,5172.318559170342,26516.6980311042,-21889.563419148137,26517.82954518233,-21891.009216217364,-1.1315140781298396,1.4457970692274102,1.835933897065085,True
159,6156.913153660278,5774.084556274002,-131248.09822239008,63223.173140672676,-131247.81083072443,63223.66332250797,-0.28739166565355845,-0.49018183529551607,0.568218444914284,True
160,6297.103073870461,5974.510630062058,-111497.23457532961,90944.46508702872,-111496.18287796881,90942.79463076506,-1.051697360802791,1.670456263658707,1.9739532586959003,True
161,6751.993263938345,5560.435562422214,-48688.28628197922,32763.303899242543,-48689.73854514468,32764.67653603208,1.4522631654617726,-1.3726367895360454,1.9982992913337256,True
162,6547.170955506875,5537.751148401653,-77215.86144761794,29858.998749478313,-77215.67339491435,29858.60911961293,-0.18805270358279813,0.3896298653817212,0.4326375519094221,True
163,6227.1356911704015,5180.615469038376,-122186.2390197025,-19441.763574039127,-122187.08006973438,-19442.846581698403,0.8410500318859704,1.0830076592756086,1.3712296475007477,True
164,7820.995732136798,5171.349482142253,99568.44254702478,-22663.85791436702,99568.42995843533,-22666.155595985616,0.012588589452207088,2.297681618594652,2.2977161036586167,True
165,6525.303548704848,4621.453630906981,-81379.57547366942,-97609.89573139814,-81379.31845235343,-97608.61651246637,-0.2570213159924606,-1.2792189317697193,1.3047839025189412,True
166,7424.724440785815,5431.910316755005,44742.966667302244,14066.003397843218,44745.16083986548,14066.518505724836,-2.1941725632350426,-0.5151078816179506,2.253825496119513,True
167,6820.095364887652,6175.421225274332,-38473.96023196705,118257.599112405,-38474.063878404064,118257.00943857986,0.10364643701177556,0.5896738251467468,0.5987134573136236,True
168,6249.5388716897605,5134.183331284071,-119125.97225001025,-25931.1427816801,-119125.54526459637,-25930.55813384694,-0.4269854138838127,-0.5846478331623075,0.7239679775314045,True
169,7167.471574830165,5432.602990745932,8960.060579386685,14476.152279776928,8956.804766001767,14475.148790724383,3.2558133849179285,1.003489052545774,3.4069504070341194,True
170,7584.025574588285,5680.816689980937,67212.8112845257,48503.608825252566,67212.97459549783,48503.488863225735,-0.16331097212969325,0.11996202683076262,0.2026360320853378,True
171,7394.07226474955,4638.772742472168,39521.99790206991,-96247.08040299045,39521.99154105814,-96247.09177383283,0.006361011772241909,0.011370842374162748,0.013029141455393571,True
172,7503.817951744721,5367.030801240159,55668.591617097816,4946.105567707098,55670.58110766779,4944.474068636647,-1.989490569976624,1.6314990704513548,2.572909237596528,True
173,7364.457057474564,6001.836868442862,37056.75792122434,93436.02639597544,37056.06514102065,93436.45051958949,0.6927802036952926,-0.4241236140514957,0.8122962825399321,True
174,6420.182626718929,6229.5179788265195,-94063.10373971076,126283.2513676211,-94064.38894834013,126284.41540744102,1.285208629371482,-1.164039819923346,1.7339982478013345,True
175,6158.888992899068,4572.744410922923,-132441.75359209464,-103958.40638400895,-132442.7648575816,-103957.18797177458,1.0112654869735707,-1.218412234375137,1.583409693673405,True
176,6237.122576398956,5408.2057130745,-120521.91838277945,12213.927850204462,-120520.50783086057,12212.409637620429,-1.410551918874262,1.5182125840328808,2.072347983847225,True
177,6379.62322395471,5310.5340790581595,-100806.61234664377,-1550.3821555617615,-100805.75471220985,-1550.498809772299,-0.857634433923522,0.11665421053749014,0.865531644186072,True
178,7105.759581957931,4655.919657517496,-571.4819055676926,-93510.13701286653,-571.4124234886132,-93508.67904051913,-0.06948207907942106,-1.4579723474016646,1.4596270500032256,True
179,6774.225220206496,5183.846943122555,-46051.7177978282,-19653.92783437732,-46053.13089641906,-19653.798658975,1.4130985908632283,-0.12917540231865132,1.4189904552405654,True
180,7210.414565152171,5285.3371305872015,14754.098280683247,-6065.573966745316,14752.186738199705,-6064.092171719869,1.9115424835417798,-1.4817950254473544,2.418617614222141,True
181,7137.503943903753,5355.08840879267,4692.271929650684,3727.943893721618,4693.750829247815,3728.0193152137867,-1.4788995971312033,-0.07542149216851612,1.4808215354578556,True
182,6899.496084373455,6226.638377180664,-27363.027209969252,125287.62132800856,-27364.084363597853,125288.4720591749,1.0571536286006449,-0.8507311663415749,1.3569514773374936,True
183,7557.000277004775,4760.750047327768,62335.7165377216,-79474.90043777681,62338.78719824336,-79473.35371223165,-3.0706605217565084,-1.5467255451658275,3.438214064298859,True
184,7241.624285884368,4597.460460531047,18260.267480541545,-101807.99041046886,18260.918439758385,-101809.61943444048,-0.6509592168404197,1.6290239716181532,1.7542710742915628,True
185,7400.305690077108,4831.709630724954,40619.397940049384,-69407.1008298492,40621.56874781131,-69406.93312067805,-2.170807761925971,-0.16770917114627082,2.177276442100225,True
186,6226.235906581652,4730.872670788874,-122868.14679304513,-82025.8493318758,-122868.22275100232,-82026.51990893051,0.07595795718953013,0.6705770547123393,0.674865318094716,True
187,7208.086335646824,4786.354483828351,13823.795741833921,-75483.96218602045,13823.402512538605,-75482.89822762329,0.3932292953159049,-1.0639583971642423,1.1343001144278118,True
188,6678.285424904683,5879.726253440398,-58560.13493705209,77278.83032688923,-58560.87745394758,77280.02870912667,0.742516895486915,-1.1983822374313604,1.4097699553737553,True
189,7254.056334360864,5475.311995988648,21052.93506246843,20311.28099643241,21054.135852117524,20311.585879845665,-1.2007896490940766,-0.30488341325326473,1.238890502445005,True
190,7861.92788506863,5401.279893339122,105545.91071327552,9275.566420880234,105543.5516447942,9275.38412896973,2.359068481309805,0.18229191050340887,2.3661011052244434,True
191,7371.614577711488,5140.000138438199,37002.40921444405,-26479.660363515635,37002.23153902131,-26479.281396006674,0.17767542273941217,-0.37896750896106823,0.4185509869702688,True
192,8074.283279008546,4722.343288419786,134289.9590464111,-85458.14071358753,134288.35293740057,-85461.02970470404,1.6061090105213225,2.8889911165024387,3.305428236236235,True
193,7091.326513630469,6006.5949927251795,-940.7295558942715,94428.56351094536,-939.5176750673139,94429.00980123012,-1.2118808269575538,-0.4462902847590158,1.2914449879950782,True
194,6519.880241676152,4441.11199032079,-82359.75152217812,-122703.9205938296,-82358.8158131649,-122704.28642596162,-0.9357090132252779,0.3658321320108371,1.004681295855864,True
195,7539.127958393647,5498.299167697422,60740.01325057025,23162.00080270844,60743.047535778736,23164.091231981216,-3.0342852084868355,-2.090429272775509,3.6846684071865603,True
196,6725.859714571706,5492.740931744965,-52407.18282247131,23377.513843181456,-52407.502430668224,23378.559838919715,0.31960819691448705,-1.04599573825908,1.0937351068659575,True
197,7159.702835382196,5641.606364519819,8131.297393310495,43560.78574471088,8129.820915352487,43561.20245578785,1.4764779580082177,-0.4167110769631108,1.5341562117815355,True
198,7842.110170714777,6230.408498767669,103813.28648136495,124684.33984506107,103811.56664495831,124683.22201731028,1.719836406642571,1.1178277507860912,2.051188959126078,True
199,6249.608456154904,5901.257856003278,-118194.91881560622,80807.01501203905,-118193.74332795896,80806.98323407194,-1.1754876472550677,0.031777967102243565,1.175917109341643,True
200,7356.617452833362,4928.9730077235145,34658.8575833182,-55820.75735570431,34660.569076321095,-55820.47186258489,-1.7114930028983508,-0.2854931194160599,1.7351410951861888,True
201,6143.385187525922,4471.5241368781,-134727.6696207478,-118027.25687912975,-134729.69856726937,-118030.15709498661,2.0289465215755627,2.900215856861905,3.5394739727545406,True
202,7258.543143955024,4872.3323390720825,20947.068576780963,-63580.950131244725,20947.356771544975,-63581.4143897208,-0.28819476401258726,0.4642584760731552,0.5464358650473441,True
203,7910.597339440558,4617.733788969148,111379.05060216476,-99816.67003707925,111379.0508508193,-99816.08673960716,-0.00024865454179234803,-0.5832974720979109,0.583297525097522,True
204,7867.5097841417355,4407.050961750125,105135.91636400006,-129090.1157679199,105134.30539528569,-129089.64354236425,1.610968714376213,-0.47222555564076174,1.6787546497624883,True
205,6210.252130093661,5456.39279307664,-124202.9270723792,18950.935451530677,-124202.54149543006,18950.07745286281,-0.38557694913470186,0.8579986678669229,0.940654717611855,True
206,7213.599996708807,4561.7674690276135,14319.180914294353,-106743.72061464016,14318.552574777399,-106742.86097012952,0.628339516953929,-0.859644510637736,1.0648000907379231,True
207,7738.618591528164,5264.896050597832,88216.57673119416,-9549.155192299324,88217.71652344533,-9550.359787811583,-1.139792251167819,1.2045955122594023,1.6583656786058063,True
208,7984.415234145611,4931.970664904774,122023.89633440453,-56173.55325395928,122026.3111000331,-56175.40050232879,-2.414765628564055,1.8472483695077244,3.040299258221681,True
209,6658.159970553615,4656.256729735143,-62847.70174893127,-92922.46046787719,-62848.34499991768,-92922.9996817416,0.6432509864098392,0.5392138644092483,0.8393589357887282,True
210,6468.708129793365,5790.8322900862695,-87828.14381528302,65168.15811900681,-87830.51688809515,65168.500841455236,2.3730728121299762,-0.34272244842577493,2.3976933182384754,True
211,7056.091041638327,5454.375646049264,-6511.801882566462,17638.560387739504,-6511.631304572868,17639.424254417183,-0.1705779935937244,-0.8638666776787431,0.8805466987628596,True
212,7553.702788437776,5709.538511956945,63028.73498244854,52535.715185154375,63028.967525642045,52536.211512277376,-0.23254319350235164,-0.4963271230008104,0.5481030467626811,True
213,6245.571691108508,4864.960993967383,-120010.8658614327,-63387.71769300486,-120009.62313812792,-63388.497952974976,-1.2427233047783375,0.7802599701171857,1.4673673136629644,True
214,6207.105984304409,4918.623275580252,-125296.88826638297,-55874.60491772785,-125297.48642215671,-55875.11855406775,0.5981557737395633,0.5136363398996764,0.788424136695162,True
215,6459.370614924094,4880.834045225724,-90233.48479973481,-61434.02612949927,-90233.62568975553,-61434.24486410862,0.1408900207170518,0.21873460935603362,0.2601822962228366,True
216,6817.746715336566,4653.845008614011,-40646.403208625125,-93449.59475159101,-40645.929642440344,-93449.60627539386,-0.47356618478079326,0.011523802852025256,0.4737063746668486,True
217,6748.715160548198,5504.33428893496,-49213.22187645188,24964.006994708092,-49213.612664521934,24963.624836012088,0.39078807005716953,0.3821586960038985,0.5465899602356481,True
218,6836.641299339147,5667.896465901114,-36782.810531575,47611.96386258176,-36783.05428070822,47612.12167231239,0.2437491332166246,-0.15780973062646808,0.29037484571542044,True
219,6450.991766771054,5602.29744802997,-90521.10533792482,38957.258360526146,-90521.7242574123,38956.84379956733,0.6189194874750683,0.414560958815855,0.7449309501898295,True
220,7767.4310238757,4877.6651599941,91760.40243388453,-63463.76863025459,91761.44895027594,-63464.05375399021,-1.0465163914050208,0.2851237356153433,1.08466220644523,True
221,6283.9068375967945,5302.671459289716,-114137.56187993367,-2528.6249592479144,-114136.59980122841,-2528.468337901252,-0.9620787052554078,-0.15662134666217753,0.9747439055137487,True
222,7807.877100747754,6065.4735098083875,98839.3405113446,101767.00035502686,98839.89263427406,101764.53153579797,-0.552122929453617,2.4688192288886057,2.529803967535543,True
223,7652.004796221676,6249.388792471365,77374.9025730135,127549.27389886003,77375.48571847317,127548.87490331882,-0.5831454596627736,0.398995541210752,0.7065805467399796,True
224,7755.468315556108,4751.190107038315,89945.97946788068,-81048.32362484763,89945.79327550763,-81049.04575128002,0.18619237304665148,0.7221264323889045,0.7457440473349221,True
225,6163.327718069717,6280.2502773466595,-129762.4305061761,133671.93377389084,-129762.6360265286,133672.3277229709,0.20552035250875633,-0.39394908005488105,0.44433601358815217,True
226,7958.766033281371,6260.231419260347,120089.26580126074,128701.13328420126,120088.7555984812,128699.27314612098,0.5102027795364847,1.8601380802865606,1.928839172657722,True
227,7045.838775291864,4785.817952595264,-8747.39030898163,-75360.47932080211,-8750.030841925884,-75360.33458349995,2.6405329442532093,-0.14473730216559488,2.644496760505616,True
228,7965.187225462791,5250.303492800555,119731.48493988736,-11857.253818008176,119732.11539356483,-11856.505849501298,-0.6304536774696317,-0.7479685068774415,0.9782273389736414,True
229,6881.800702467089,6266.763598033845,-29780.62364260484,130896.31366249488,-29778.06279579216,130895.69131094318,-2.5608468126811204,0.6223515517049236,2.635385712173567,True
230,6338.088526502362,5229.032807883814,-106685.05240947183,-12841.710508036165,-106685.24796870457,-12839.923383607396,0.1955592327431077,-1.7871244287689478,1.7977922954039522,True
231,6664.361547145815,5942.374163649894,-60423.000878581646,86014.15392034943,-60423.279009714235,86014.97337493103,0.27813113258889643,-0.8194545815931633,0.8653685562864002,True
232,7834.502539424467,6189.618295258045,102702.4874275279,119014.50014812106,102701.32969053449,119013.68703069998,1.157736993409344,0.8131174210866448,1.4147490542082377,True
233,6477.288925453845,5989.282957676705,-86401.86483157793,92773.62173257399,-86400.08153922005,92774.44402884565,-1.7832923578826012,-0.822296271668165,1.9637471303815703,True
234,6336.234476711076,5723.663321641778,-106345.91647136424,55983.814345656516,-106347.16835908628,55985.26058275671,1.2518877220427385,-1.4462371001936845,1.9128054314482679,True
235,7105.944470955611,6292.839542568708,1442.0002687027736,134250.36739294365,1442.4284533155408,134251.62474134783,-0.42818461276715425,-1.2573484041786287,1.3282571558629384,True
236,6529.091535188021,4501.328623085353,-81002.29679081627,-114332.69894498907,-81001.67910794294,-114332.88078508033,-0.6176828733296134,0.18184009125980083,0.6438928100189502,True
237,7791.487771642385,5528.231849509082,95894.57353630118,27023.59150446905,95895.31736185841,27023.912503527463,-0.7438255572342314,-0.32099905841459986,0.8101338501123593,True
238,6946.020691625115,6033.4533654189845,-21122.8532661558,98343.7493721649,-21123.717382654107,98343.86861140493,0.8641164983091585,-0.1192392400407698,0.8723046021978689,True
239,6933.176957846856,6285.324550747545,-22606.78686364545,133416.0568168654,-22606.727655185176,133416.41440322637,-0.05920846027584048,-0.35758636097307317,0.3624550279996137,True
240,6420.331682303906,4802.21459775141,-95763.29136878852,-72327.60324628168,-95763.72677513272,-72327.9486755553,0.43540634420060087,0.3454292736132629,0.5557877901133836,True
241,6575.364422942396,4883.488307638463,-74091.468418284,-61202.801039714264,-74089.13392154402,-61203.59249935682,-2.334496739975293,0.7914596425544005,2.4650118447479334,True
242,7816.043172181581,6149.985800420821,100082.69380383255,113519.39333791501,100082.20967586907,113518.3788825155,0.48412796347111,1.0144553995050956,1.1240549998108311,True
243,7736.814221621776,4945.065354476053,87579.47729689293,-54047.409900093655,87581.3597337053,-54047.786871617966,-1.88243681237509,0.3769715243106475,1.9198114185320347,True
244,7107.216907275222,4566.414558676449,-475.0068399387819,-105965.83873094084,-477.45791679491595,-105966.58964132037,2.451076856134023,0.7509103795309784,2.5635218260750587,True
245,6886.858217281413,4921.453243769456,-30704.786874228128,-56295.480427357616,-30702.809422980605,-56295.859230257665,-1.9774512475232768,0.37880290004977724,2.0134063358938468,True
246,6210.160908342257,6164.702603203151,-123375.7984294827,117524.48857344643,-123376.18296218794,117525.81845373762,0.38453270524041727,-1.3298802911886014,1.3843579704293947,True
247,7214.104865931649,4743.393866732711,14610.255459552136,-81465.75629398305,14608.705226427137,-81468.0825060574,1.5502331249990675,2.3262120743456762,2.7954401007133005,True
248,7476.908577220244,5760.428996619005,52405.010707019275,59708.00326877789,52406.25250200331,59709.41067132214,-1.241794984038279,-1.407402544253273,1.8769221358258887,True
249,7699.471244602344,5285.322843125861,82796.87155156882,-6661.381453872978,82794.94274988504,-6660.779923666854,1.928801683781785,-0.6015302061241528,2.0204243426169697,True
250,7564.569654152931,5302.487054190931,64043.83407654436,-4109.317300103139,64044.94406884527,-4108.778094661522,-1.1099923009096528,-0.539205441617014,1.2340281262386625,True
251,7451.119280320184,5498.046002149398,48499.743664971786,23235.333483501687,48497.86169664947,23235.405224834005,1.8819683223191532,-0.07174133231819724,1.883335229048604,True
252,7658.853892382246,4544.5202449611315,76255.7489796014,-109691.90283624268,76254.56240279677,-109692.08084278266,1.1865768046263838,0.17800653997983318,1.1998545084938221,True
253,7024.223131197124,4711.307184709217,-11849.420913593625,-85702.97562570818,-11848.098248482234,-85702.24276013396,-1.322665111390961,-0.732865574216703,1.5121292758103855,True
254,7256.590352297534,5086.6732602599,20932.736007687083,-33758.49627939085,20935.226356015693,-33758.08169465102,-2.4903483286107075,-0.41458473983220756,2.5246218141170935,True
255,6943.85438385214,4974.454349410521,-22709.458971669606,-48991.93856962724,-22708.693648343364,-48990.68062538714,-0.7653233262426511,-1.257944240096549,1.4724617159312496,True
256,7066.3247182114055,5046.794527384097,-5582.996358663222,-39076.084954193415,-5582.658771294832,-39074.759778694686,-0.33758736838990444,-1.3251754987286404,1.3674996649824531,True
257,6490.696286457439,5375.278554588851,-85269.26289416957,7322.02093567577,-85270.36797722586,7322.676943480218,1.1050830562890042,-0.6560078044485635,1.2851283207502942,True
258,6851.204350610853,6082.865222002603,-34257.308065854464,105336.7388610407,-34256.66833528898,105336.66693107231,-0.6397305654827505,0.07192996839876287,0.6437616925281643,True
259,7206.921759131694,4881.780544028216,13775.305341321917,-62200.37202107525,13777.006476722054,-62203.904392153905,-1.701135400136991,3.5323710786542506,3.920651360030911,True
260,7860.156159888986,6049.479169601635,106096.34984365397,99476.70875790544,106096.51604548433,99476.75020006097,-0.1662018303613877,-0.041442155532422476,0.1712906905545336,True
261,6196.075499503915,5561.234979677843,-126048.66024647048,33557.217832525144,-126049.8910594513,33555.868840874595,1.2308129808225203,1.3489916505495785,1.8261103655074338,True
262,6224.2365779017755,4864.114220307446,-122981.79675297519,-63481.457470133944,-122980.49838763276,-63481.00206904495,-1.2983653424307704,-0.45540108899149345,1.3759152278683486,True
263,6302.079407467029,4956.202424893371,-112032.9143679632,-50757.335176131804,-112031.37599431013,-50758.99010152439,-1.5383736530638998,1.6549253925841185,2.259506926623786,True
264,6459.55003330753,5460.409536639784,-89503.12235325223,19206.03263110458,-89501.60348745358,19204.87782071541,-1.5188657986436738,1.1548103891691426,1.9080200075529794,True
265,6612.199722495704,4639.45097315689,-69264.18568712761,-95205.51374682275,-69264.57493219382,-95207.08077095175,0.38924506620969623,1.5670241290063132,1.6146443393071384,True
266,7595.223344190876,5975.26861821289,69132.83917352307,89462.81129742032,69133.25026491818,89462.60152030952,-0.4110913951153634,0.20977711080922745,0.46152201611338406,True
267,7410.595460579501,4604.309583480198,41778.337319240556,-101064.93190002712,41779.64505317292,-101063.5724848518,-1.3077339323644992,-1.3594151753204642,1.8863132445988617,True
268,7339.848042821111,5975.70397872176,33600.787487391586,89829.18310198537,33600.03372749753,89829.42514910178,0.753759894054383,-0.24204711640777532,0.7916696182412167,True
269,6459.453578782572,5483.886096245214,-89489.42337835015,22470.102307518042,-89486.70029961658,22471.3401946109,-2.723078733572038,-1.2378870928587276,2.991240920403859,True
270,6656.863089277253,5679.655401907936,-61779.95907853567,49468.0701484122,-61781.892351645496,49467.942677063744,1.9332731098256772,0.12747134845267283,1.9374709963897234,True
271,7171.47818710778,5427.125699824157,9507.55859189079,13709.594669845246,9507.543146042402,13708.298698371646,0.015445848386661964,1.29597147360073,1.2960635148862232,True
272,7098.670387221763,5312.241230255033,-759.2196812710608,-2186.338537656906,-760.6020910217477,-2185.51453427304,1.3824097506868611,-0.8240033838656018,1.6093595917059904,True
273,7119.088237414943,4781.946923045695,1436.5162220201455,-75988.72758749098,1436.1147480805978,-75987.8770107288,0.4014739395477136,-0.8505767621827545,0.9405648050513368,True
274,6763.656826326281,4507.001179999598,-48352.20460870609,-113820.5837292861,-48352.92726661857,-113821.88666298849,0.7226579124835553,1.3029337023908738,1.4899230487850976,True
275,6473.037772319402,6282.306217809103,-86645.9268905781,133567.96367297834,-86645.48001312884,133567.0884388408,-0.44687744927068707,0.8752341375511605,0.9827177876692775,True
276,7056.022390669223,5992.809992287952,-5867.019594046316,92553.6560708975,-5868.136008129395,92553.64786392351,1.11641408307878,0.008206973987398669,1.1164442481909533,True
277,7157.682784778882,6147.840835326169,8463.349738291377,114005.32164590262,8464.768089750041,114005.74667171025,-1.4183514586638921,-0.425025807635393,1.480664647193992,True
278,6260.387293275942,4396.267297075921,-118538.02663495824,-128642.50645803398,-118535.42718896396,-128643.76442584749,-2.5994459942739923,1.257967813508003,2.8878369927974137,True
279,7928.24724403282,5456.656605507062,114841.29599798389,16901.551043483574,114841.29612564678,16900.256488882398,-0.00012766289000865072,1.2945546011760598,1.294554607470817,True
280,6575.113241356512,5528.067900696262,-73339.01688284561,28476.231458861148,-73339.28537301683,28477.264780925903,0.26849017122003715,-1.033322064755339,1.0676335801912573,True
281,6929.136974582589,6162.055479527154,-23316.647657182737,116261.99216201247,-23317.5923659266,116262.7424484423,0.9447087438638846,-0.7502864298294298,1.20640139983302,True
282,6281.36671983048,4639.611804728869,-115308.21781063113,-94792.60559425573,-115308.10535718076,-94793.26795976142,-0.11245345037605148,0.6623655056901043,0.6718436139680027,True
283,6233.131070019548,4675.907104926363,-121979.18546155334,-89683.22249195984,-121977.18305703478,-89684.75712120722,-2.002404518556432,1.5346292473841459,2.522837843156402,True
284,6747.817005568678,4426.316874089675,-50655.96411415674,-125032.8508396536,-50656.7345120327,-125033.86680010498,0.7703978759600432,1.0159604513755767,1.2750249119303558,True
285,7445.126675712882,5945.173722700818,48210.67058950389,85452.85804338346,48210.75766961128,85454.2729895125,-0.08708010739064775,-1.4149461290362524,1.417623184480926,True
286,6637.829222587377,5875.10714223746,-64196.61815639914,76686.1832739721,-64195.72524727949,76687.05444168444,-0.8929091196478112,-0.8711677123355912,1.2474854223461918,True
287,8016.722189488632,5959.626546282754,127776.53800769744,86785.63738055804,127778.44363688384,86786.61310380574,-1.9056291863962542,-0.9757232476986246,2.140901317703551,True
288,6558.450352421165,4467.672155611937,-76959.97533893757,-119052.09972322527,-76957.78369014124,-119052.50124886326,-2.1916487963317195,0.40152563799347263,2.2281264067436433,True
289,6296.924376278377,5878.274805471435,-111634.86606759454,77549.78039559975,-111634.7795694073,77549.54283258402,-0.08649818724370562,0.23756301573303062,0.25282033707876295,True
290,7777.761133440194,4884.137351427386,93206.84504822019,-62575.78140695568,93206.79489931834,-62576.199256195265,0.05014890184975229,0.4178492395876674,0.4208478339979047,True
291,6957.416304927731,4853.732515058465,-20969.404406258065,-65802.14845298845,-20969.044304003317,-65803.53354763406,-0.3601022547481989,1.3850946456077509,1.4311396896061537,True
292,7925.530954109076,4702.3197820813975,113555.72036372006,-88062.43341547946,113557.47595160869,-88061.89282427692,-1.7555878886341816,-0.540591202545329,1.8369343164600167,True
293,7948.118975720254,5688.65921834175,117890.80271858387,49160.44972164245,117891.8900387169,49158.46937112775,-1.0873201330250595,1.9803505146992393,2.2592151807101453,True
294,6454.378384994324,6076.674885599778,-89484.3556493317,104966.22759106269,-89485.06451493838,104966.05409141767,0.7088656066771364,0.1734996450250037,0.7297894046596916,True
295,7312.24056875231,4572.169840101391,28055.901606977888,-105415.07872190817,28055.752947316098,-105415.75869857086,0.14865966179058887,0.6799766626936616,0.6960373243237046,True
296,6755.4766720327,4780.774478820015,-49153.578565947435,-75711.65697404975,-49154.13309250241,-75711.80543085586,0.5545265549735632,0.14845680611324497,0.5740549829521505,True
297,7605.920125365879,5730.189946118372,70319.05060672885,55347.54474383878,70320.008850558,55346.836601431,-0.9582438291545259,0.7081424077769043,1.1915103464950692,True
298,7027.277607087497,5490.830093767343,-10475.700746256785,22745.584885647753,-10475.85429220021,22745.914083252017,0.15354594342534256,-0.32919760426375433,0.3632456736086115,True
299,6947.003800576204,5966.625660738129,-21068.656579453804,89044.26265942588,-21067.693424078985,89042.87332250716,-0.9631553748185979,1.389336918713525,1.6905399580436855,True
300,6827.708862017936,5898.480179333277,-37747.54050918884,79704.83215830778,-37747.73696413296,79706.20424712659,0.1964549441181589,-1.3720888188108802,1.3860816252206454,True
301,6175.234206394032,4883.128066469896,-129777.81397948608,-60777.800583128585,-129778.26095520845,-60776.79428526609,0.44697572237055283,-1.0062978624919197,1.1011006695323022,True
302,6991.350334814843,4849.182458459435,-16253.204539057755,-66477.57616711136,-16253.542186249028,-66477.68568048504,0.337647191272481,0.10951337368169334,0.35496310341969567,True
303,6480.0361728145635,6269.8122001894035,-85686.2833042611,131819.1412373142,-85686.09691472723,131818.9035250177,-0.1863895338756265,0.23771229651174508,0.3020731604284981,True
304,7940.169943728071,5456.867071581932,116500.71977901293,16916.076613254932,116501.0178220572,16915.16009457375,-0.2980430442694342,0.9165186811842432,0.9637614586592973,True
305,6286.885714019871,4495.6097956813255,-114720.3667966355,-114844.12331256323,-114720.88769617684,-114844.35682645744,0.5208995413413504,0.23351389421441127,0.5708459257635184,True
306,6931.936797516706,5516.187073184061,-23706.529667197363,26389.75637768724,-23708.774329258733,26389.51930426744,2.244662061370036,0.23707341980116325,2.257146777710789,True
307,6720.714717997823,5118.811676709137,-53577.49862341171,-28637.002548414195,-53577.16639160939,-28637.00182360118,-0.332231802320166,-0.000724813016859116,0.33223259296284474,True
308,8008.849789066876,5163.999815450438,125703.78985212467,-23919.20617828908,125705.47837221273,-23918.39484549972,-1.6885200880642515,-0.8113327893624955,1.873328850707007,True
309,6155.770396990062,5626.5185631696395,-131581.4588680695,42688.815917682485,-131582.3985429209,42689.775573545005,0.9396748514263891,-0.9596558625198668,1.343103942690943,True
310,6641.336502653129,4515.3976939845215,-65364.19840656681,-112506.29036502863,-65363.737924531866,-112507.50786794648,-0.4604820349413785,1.217502917847014,1.3016747133864688,True
311,7197.518962908989,4914.2129435782745,12508.527044594637,-57678.827590920046,12508.169420170081,-57680.00399692185,0.3576244245559792,1.176406001803116,1.2295634632329426,True
312,6730.139599083487,4594.874706578042,-52910.73862666475,-101551.05522703193,-52908.324183571276,-101551.52488779037,-2.414443093475711,0.4696607584337471,2.459698493646147,True
313,8001.289007438461,5028.869221709075,124490.70404510765,-42712.084456495766,124490.80463743789,-42712.35864836552,-0.10059233024367131,0.27419186975748744,0.29206163449682804,True
314,7757.359102288811,6109.423576565213,91863.7848223157,107940.07387222402,91863.57589975683,107941.43068172596,0.20892255887156352,-1.3568095019436441,1.372800298721559,True
315,7618.3435146414495,4460.2338240982735,70517.717983232,-121375.22906129294,70516.83897018836,-121373.75558802579,0.8790130436391337,-1.4734732671495294,1.7157468927239945,True
316,6839.752084454746,5272.510685461459,-36828.77887223539,-7400.227823677516,-36828.99729055357,-7398.3198685507,0.21841831818164792,-1.9079551268159776,1.9204164464148583,True
317,7185.83672385987,6072.414246569566,12290.210729009617,103472.6699725001,12290.024065568308,103474.05652695711,0.1866634413090651,-1.3865544570144266,1.3990627228926922,True
318,6785.807679435388,5439.280415019067,-44131.14780914843,15868.182860425382,-44131.73510315593,15868.058828161136,0.5872940074987127,0.12403226424612512,0.6002484933907946,True
319,7555.875527778494,5027.708489211218,62501.6120770796,-42325.43762274113,62503.10066770386,-42326.98300439554,-1.488590624263452,1.5453816544104484,2.1457181791729845,True
320,7904.787608022065,5995.861957337206,112241.17340625479,91962.44249607329,112241.91814050569,91961.58329689321,-0.7447342508967267,0.8591991800785763,1.137036646509868,True
321,6756.0586745924775,5966.243318647135,-47632.30747793941,89223.9879172497,-47635.5046679315,89223.71505435216,3.1971899920899887,0.2728628975455649,3.208812553948476,True
322,6507.103480935001,5107.673480179943,-83310.75550758012,-29927.564080661163,-83312.78848177398,-29928.984259268902,2.0329741938621737,1.4201786077392171,2.4798974476356186,True
323,6568.0505002810605,5874.326678717984,-73905.68422651998,76662.19722622572,-73906.43908334682,76664.43976599752,0.7548568268393865,-2.242539771803422,2.366176970800403,True
324,7573.7541418491355,6080.995901208692,66276.5944977602,104203.07403432933,66276.44905659126,104202.41037150526,0.1454411689483095,0.6636628240667051,0.6794125975232171,True
325,6432.020248026465,5554.973364304062,-93218.16125364295,32394.446219310164,-93218.69966774655,32395.533326525845,0.5384141036047367,-1.0871072156805894,1.213133069924852,True
326,6780.840142126087,4956.63217118166,-45409.041566838365,-51270.650434699884,-45409.85101324013,-51273.36287001062,0.8094464017631253,2.7124353107356,2.830637523995717,True
327,7782.599753540581,4490.7973260340095,93413.54706112121,-117324.30471122399,93413.56765100086,-117324.49437551049,-0.02058987965574488,0.18966428650310263,0.19077862752145233,True
328,7497.023362570811,6183.729311108546,55727.451424221625,118593.72555697104,55726.106474589076,118592.86495719379,1.3449496325483778,0.8605997772538103,1.5967221081645122,True
329,6837.298787694181,6202.97724236573,-36046.50784209723,122071.16429199578,-36047.1477533946,122071.40280180401,0.6399112973740557,-0.23850980823044665,0.682915366007437,True
330,7783.4360503202615,4597.629075178139,93656.59406653472,-102454.55463285408,93656.01156026367,-102455.37500208602,0.5825062710500788,0.8203692319366382,1.006140761782852,True
331,7424.020650933835,4749.334181244531,43823.35704636111,-80901.13494636158,43821.962037960235,-80898.32362487675,1.3950084008756676,-2.8113214848272037,3.1384035638465493,True
332,7951.750118955134,5116.400070324102,117698.38393346014,-30472.963013960572,117700.35439871141,-30471.771817728346,-1.9704652512737084,-1.1911962322265026,2.3025381148089115,True
333,7446.159890720759,5872.9649112613615,48264.754507951875,75406.49158069998,48265.88869530663,75405.00564558679,-1.1341873547571595,1.4859351131890435,1.8693271827850733,True
334,6599.44071980814,4849.641561401968,-70781.4354000583,-65941.11785282507,-70780.59313537333,-65942.05144232979,-0.8422646849649027,0.9335895047115628,1.2573778918235392,True
335,7025.061146290043,4631.512375372174,-11829.18466345848,-96807.75409106922,-11828.776374797553,-96807.39974284211,-0.4082886609267007,-0.35434822710521985,0.5406128898703126,True
336,7081.4042034450085,4778.692910413868,-3811.024629824882,-76394.36245623315,-3810.6465076334252,-76394.89038467371,-0.37812219145689596,0.5279284405551152,0.6493726434175692,True
337,6330.146675516497,4713.722948213259,-108425.57826923666,-84535.38889233374,-108425.58574924566,-84536.04386624115,0.007480008993297815,0.6549739074107492,0.6550166180513626,True
338,7278.41855292161,5339.4342307808765,24279.977698379866,1379.2284155658854,24278.405074442195,1379.0547378824244,1.572623937670869,0.17367768346093726,1.5821851936697509,True
339,7543.369350506656,4424.664851165602,60039.878418469394,-126231.45488575207,60040.76770285222,-126231.78689061312,-0.8892843828289188,0.33200486104760785,0.9492386113631558,True
340,6519.421362828951,5098.461454641539,-81608.55059905563,-31225.4510590501,-81609.99625544473,-31225.511115410376,1.445656389099895,0.060056360274757026,1.446903300761595,True
341,6512.006964877625,4768.717957174981,-83047.49366389879,-77100.22125655835,-83047.14942392638,-77098.39658992212,-0.34423997240082826,-1.8246666362247197,1.8568547309765933,True
342,7665.163829176895,5371.709998567281,78126.2622833841,5400.769829166471,78125.88700413119,5399.6774034984965,0.3752792529121507,1.0924256679745667,1.1550880302885924,True
343,7498.273574116057,4880.535493779519,54310.94015539627,-62733.7352053365,54311.20820288583,-62733.359809225185,-0.26804748956055846,-0.37539611131796846,0.46127182555665625,True
344,7894.705340711686,4493.331544104939,109021.32117369157,-117112.93418139023,109020.85444866274,-117112.51286761955,0.46672502883302514,-0.4213137706829002,0.628758734258405,True
345,7280.820795599058,5024.5292725372165,24230.918731249345,-42432.05716371542,24230.930239386485,-42433.305105626685,-0.011508137140481267,1.2479419112642063,1.2479949723897947,True
346,7276.757286858817,5229.539836551009,23913.33811910238,-13907.321118267137,23913.994133314256,-13907.098718475752,-0.6560142118760268,-0.222399791384305,0.6926877459513103,True
347,7829.837328987702,5780.809585869825,101541.8894701642,62123.357133603655,101542.7646474924,62122.42950209708,-0.8751773281983333,0.9276315065726521,1.2753178301029988,True
348,6872.801163441216,6112.847171356633,-31216.927457080048,109482.78718587721,-31215.56756752058,109482.92435334175,-1.3598895594695932,-0.1371674645342864,1.366789862151885,True
349,6466.313159352683,5133.934726857274,-88956.21431676965,-26226.397293254835,-88956.85726426756,-26226.045352869103,0.6429474979086081,-0.3519403857317229,0.7329689762711199,True
350,6206.730273126002,5071.555522487359,-125160.94602612485,-34592.61279848676,-125161.06549154599,-34593.59690206165,0.11946542114310432,0.9841035748831928,0.991328317434128,True
351,7283.919300663799,4526.287082227753,24058.22014443518,-111766.54546246052,24059.802162191147,-111766.8999960644,-1.582017755965353,0.35453360388055444,1.621256998896284,True
352,6919.9682627798065,5047.451431312958,-25944.392137168863,-38805.344915794965,-25942.87583639999,-38805.926560298794,-1.516300768871588,0.5816445038290112,1.624031511552367,True
353,7350.130710744025,5422.027565760439,34354.58008305117,12783.960869554547,34355.32711499672,12782.140537143521,-0.7470319455460412,1.820332411025447,1.967655156346259,True
354,7596.995588602193,5317.525163695498,68574.5513114442,-2057.2951693183277,68574.89844090796,-2056.035809192553,-0.3471294637565734,-1.2593601257744922,1.306325683357206,True
355,7607.174415419825,4694.285336811733,69238.78452124092,-88785.18644958662,69241.07930487236,-88784.43939841578,-2.2947836314415326,-0.747051170837949,2.413320817252099,True
356,6271.389959042442,4706.804512107693,-116614.38363633183,-85429.91303153645,-116612.76890891115,-85429.52984089691,-1.6147274206741713,-0.3831906395353144,1.6595721464596065,True
357,6436.206009944107,6256.833253153198,-91803.40973638359,130065.99333141948,-91801.99556636001,130066.99822930114,-1.4141700235777535,-1.0048978816630552,1.7348477190107492,True
358,7252.321026646307,5502.687074961588,20845.06890625786,24122.37393963558,20845.980142423196,24122.08233579351,-0.91123616533514,0.29160384206988965,0.956757100692026,True
359,7328.946178745314,4520.699260267261,30318.42587100505,-112599.85314276467,30318.18942440684,-112599.82048702781,0.23644659821002278,-0.032655736853484996,0.23869099470766802,True
360,7151.95762272186,4965.694393728195,6233.2303268295655,-50462.64388055992,6232.051144578495,-50461.92423322175,1.179182251070415,-0.7196473381700343,1.381435149608807,True
361,7136.940548863465,5739.953319404459,5082.216801692761,57268.59255257872,5082.6035402005855,57271.70206157696,-0.38673850782470254,-3.1095089982409263,3.1334665920631366,True
362,6568.212980656041,4511.189269406428,-75544.95920675524,-113005.63075836533,-75544.94338421678,-113006.58710258332,-0.01582253846572712,0.956344217993319,0.9564750995257285,True
363,6877.571150491933,5342.499497672298,-31483.35631505506,2291.8918283257226,-31482.62099427312,2292.475905839782,-0.735320781943301,-0.5840775140595724,0.9390650641929544,True
364,7992.382983319855,6022.398343601211,124468.61563395173,95551.99003635999,124468.80462576321,95552.10241893008,-0.18899181147571653,-0.1123825700924499,0.219881210805874,True
365,7320.88765111111,4643.331238737689,29343.68853559217,-95522.37407632897,29344.6858942722,-95522.92391304769,-0.9973586800297198,0.5498367187246913,1.1388787265940832,True
366,7418.31021163515,6182.830516774665,44773.39857778832,118561.64352658382,44771.92328358873,118561.7956849502,1.4752941995902802,-0.15215836637071334,1.4831200705948693,True
367,6318.239027178739,5226.860125029687,-109450.0272472284,-13117.53543500349,-109450.45965969532,-13118.247111443892,0.43241246692196,0.7116764404017886,0.8327447972653421,True
368,7487.3199962827675,5691.53823146835,53771.002691112284,50112.5144775869,53770.56225356026,50111.7007101285,0.4404375520243775,0.8137674583995249,0.9253122249182968,True
369,8061.968855125243,5249.2030890603655,133202.9426446429,-12127.4702180905,133202.55391566808,-12127.474544106108,0.38872897482360713,0.0043260156071482925,0.3887530453622786,True
370,7145.982754176323,4928.398639680182,5354.639470079273,-55643.38576407588,5355.567699009207,-55643.61179736612,-0.9282289299335389,0.2260332902369555,0.9553533349818308,True
371,6758.515041873095,4759.756243980303,-48757.99237006325,-78639.96522003242,-48757.1891367004,-78640.1546157327,-0.8032333628507331,0.18939570027578156,0.8252603022558708,True
372,6279.242399013663,5666.2277449171315,-114347.3844297903,48062.63731257839,-114348.0558484606,48063.30127850635,0.6714186703029554,-0.6639659279608168,0.9442742103458388,True
373,7114.877743174426,4873.904260996037,962.8793822400621,-63188.801546999675,962.0276083886151,-63187.794775400835,0.8517738514469784,-1.0067715988407144,1.3187523445443075,True
374,7255.586431949618,5659.794779391419,21492.711157990183,45976.621426628524,21491.306042302276,45975.37785248341,1.4051156879068003,1.2435741451117792,1.8763866208199984,True
375,7432.533373165073,6117.178853127306,46668.673137512,109407.22330951193,46670.11225901303,109406.98668849183,-1.439121501032787,0.23662102009984665,1.4584444459381898,True
376,6771.224944176914,5471.504017440355,-46119.68056957581,20368.328343996138,-46121.57754331196,20368.786772428663,1.896973736154905,-0.4584284325246699,1.9515803809755121,True
377,6694.586903928586,6037.589649465765,-56101.821981546,99227.54588281765,-56103.52645800604,99228.36512671359,1.7044764600359485,-0.8192438959376886,1.8911373730768055,True
378,6563.43057767742,5559.162673571363,-74926.44320627819,32817.50923433472,-74927.39580619342,32817.755072562606,0.9525999152392615,-0.24583822788554244,0.9838104658946011,True
379,7209.76348673557,6221.856420714926,15802.126282236946,124246.89146346538,15801.625859335114,124244.80538867091,0.5004229018322803,2.0860747944680043,2.145257823384631,True
380,7295.607656051296,5354.7304625334245,26689.80102807193,3486.645730838587,26688.307389456746,3486.1333932990433,1.4936386151857732,0.5123375395437506,1.5790649344469083,True
381,7491.002810063897,4452.587002112109,52787.532366539934,-122278.54052360242,52786.681602197976,-122280.07390766307,0.8507643419579836,1.5333840606472222,1.753586793687203,True
382,8048.878668876893,4896.057676877962,130956.98069111159,-61253.77327076752,130957.05002003904,-61252.91913914612,-0.06932892744953278,-0.8541316213959362,0.8569406787227186,True
383,7457.236537381697,5496.852753457097,49348.893318888615,23061.722696870682,49347.50007898646,23061.988963743283,1.3932399021578021,-0.2662668726006814,1.4184553120945438,True
384,6884.409810786162,5926.68643760821,-29823.60285170161,83559.70650565391,-29824.747081561785,83561.70314967568,1.144229860175983,-1.9966440217685886,2.3012712405500126,True
385,6439.4039537778535,5853.360882416631,-91833.67157084256,73904.44738973098,-91834.10539378154,73905.81096493539,0.4338229389832122,-1.3635752044065157,1.430922667533191,True
386,7515.617210051477,6205.3991325539255,58341.957377648156,121586.49060526694,58340.38510059119,121587.0521375706,1.5722770569627755,-0.5615323036618065,1.669542952998593,True
387,7872.914716398101,4489.130328335168,105981.87765874327,-117670.17261043625,105982.69260421855,-117669.92937723172,-0.81494547528564,-0.24323320452822372,0.8504695876241586,True
388,6911.685030227135,4860.309945973785,-27324.383836710884,-64832.397664675824,-27323.39315832088,-64833.08187055478,-0.9906783900041773,0.6842058789552539,1.2039856133767548,True
389,8045.873634645022,4900.890120759742,130543.94322741526,-60575.7005710911,130544.46650869778,-60576.69015511819,-0.5232812825124711,0.9895840270837652,1.1194194242048952,True
390,6201.561749947821,5582.6628863930555,-125262.27883410717,36531.38666586726,-125260.54242302595,36530.814379566524,-1.7364110812195577,0.5722863007395063,1.828287464540569,True
391,7712.592740342379,5285.073052025255,84619.3184505298,-6711.337761318937,84620.52983431025,-6711.4905024101945,-1.211383780449978,0.152741091257667,1.2209752268149685,True
392,7821.032443687234,4616.598825001367,98911.9034626321,-99861.24509663746,98911.16574699145,-99862.03521095848,0.737715640643728,0.7901143210183363,1.0809741008593372,True
393,6882.008705167522,4811.109281628804,-31512.81328910691,-71642.40137072411,-31512.279784797367,-71643.09322701652,-0.5335043095437868,0.6918562924111029,0.8736658272192122,True
394,7631.582973710696,5744.165177991411,73906.80754186367,57259.28551507235,73908.10366353756,57260.55292901849,-1.2961216738913208,-1.2674139461450977,1.8128070786528632,True
395,7840.0648464337955,5483.654236176534,102600.54891988548,20762.32736766353,102601.23452976921,20763.016935657743,-0.685609883730649,-0.6895679942135757,0.9724016306613683,True
396,6153.264766896521,5414.237961884865,-132186.21805089246,13154.45140410206,-132186.0445995079,13153.939513637371,-0.17345138455857523,0.5118904646878946,0.5404787050788175,True
397,6834.421821646265,4840.312556821156,-38096.542872948325,-67521.8298074491,-38097.28857363685,-67522.30436298311,0.7457006885233568,0.4745555340050487,0.883896188315701,True
398,6825.43359774022,5899.666077910974,-38063.323953601765,79872.0284257489,-38062.876162516535,79874.01035614709,-0.44779108522925526,-1.9819303981930716,2.031887043930479,True
399,7505.941385783433,4394.696814017933,54797.04337506852,-130357.03652333445,54796.53779968098,-130357.07450152478,0.5055753875421942,0.03797819033206906,0.506999817977619,True
400,7924.678923730009,5689.4960789275265,114632.31363862773,49302.858285795635,114630.29690456319,49302.890095190676,2.0167340645421064,-0.031809395040909294,2.016984909387622,True
401,6544.908193547054,5721.4018416262115,-77308.28963521283,55413.42235008851,-77309.78728873744,55413.753491175834,1.4976535246096319,-0.3311410873211571,1.5338254462251861,True
402,7102.187836048087,6071.357232908857,649.8278158505564,103428.18150147435,650.343792749294,103428.45359315215,-0.5159768987376765,-0.2720916778052924,0.5833232732900767,True
403,7130.577140482816,5264.020310476231,3618.6865133635583,-8931.2550384145,3619.6224826273233,-8932.57813014384,-0.9359692637649459,1.3230917293403763,1.6206820129074064,True
404,8065.777355565309,5480.043705756147,134012.7888321606,19988.634559504193,134013.5426122081,19988.76617129552,-0.7537800475256518,-0.13161179132657708,0.7651836535525078,True
405,6872.8959486534395,5769.4139518596185,-31616.8480971127,61693.37623404991,-31616.47150649635,61692.260631150224,-0.37659061634985846,1.1156028996847454,1.1774507726897878,True
406,6681.645190877404,5795.17603608363,-58195.288984402694,65508.35081505633,-58194.84985542573,65510.96048278177,-0.43912897696282016,-2.609667725439067,2.646355965399728,True
407,6478.4727170883925,4426.852443189689,-88139.80228350867,-124641.27694670847,-88139.68212100172,-124640.62634669078,-0.12016250695160124,-0.6506000176887028,0.661603666172909,True
408,6547.640777254691,5976.2927563772155,-76626.42694241976,90879.10840956017,-76624.97658437428,90879.37671501796,-1.4503580454766052,-0.26830545779375825,1.474966534793463,True
409,6899.558277026947,4612.147012272964,-29313.649320079727,-99350.87752660908,-29314.098977041343,-99350.89834741097,0.44965696161671076,0.020820801888476126,0.45013874407970184,True
410,7582.3568379839835,4497.780074389994,65552.14914450972,-116104.55837264538,65553.32037425482,-116102.71981716149,-1.1712297451013,-1.8385554838896496,2.1799232516652416,True
411,7888.417938990202,5393.427723007184,109218.59240853006,8150.174930392939,109220.76356046421,8150.80904145245,-2.171151934147929,-0.6341110595112696,2.2618571035652977,True
412,7765.658058684689,5691.561364906882,92500.4096425183,49781.94641058857,92500.94718986344,49780.41486926387,-0.5375473451422295,1.531541324700811,1.6231376951866328,True
413,7137.791203341261,4614.163621626323,3835.4992757049913,-99360.44036618966,3834.4625564167827,-99358.51790385705,1.0367192882085874,-1.922462332615396,2.1841813804876073,True
414,7690.546814110174,6070.9178111844485,82517.37602868723,102660.81100506076,82517.08693594909,102660.99092992774,0.28909273813769687,-0.17992486697039567,0.340510747258094,True
415,7800.304784779977,5937.443040567055,97628.22534791497,83954.52336212678,97626.54290209795,83954.6576893465,1.6824458170158323,-0.13432721971184947,1.6877996709176082,True
416,7029.905298160343,5235.785429060636,-10419.380835128628,-12738.438609033314,-10419.711594052429,-12738.221889053922,0.33075892380111327,-0.21671997939120047,0.39543522243395696,True
417,7742.2534090513955,4837.934887375029,88210.06042593622,-68962.61198723911,88210.13063712504,-68961.48809288519,-0.07021118882403243,-1.1238943539210595,1.126085311959853,True
418,7002.667393825518,4453.6054511575785,-15161.753935242363,-121540.31711800022,-15161.693442153537,-121541.07010373312,-0.06049308882575133,0.7529857328918297,0.7554117603892107,True
419,7327.191941901803,4567.885857954265,30130.518696265965,-106030.95939263138,30130.9242181512,-106030.30955044899,-0.4055218852372491,-0.6498421823926037,0.7659914238574441,True
420,6187.188056999644,5170.129943169088,-127759.97472713843,-20852.02603411142,-127760.47144858864,-20853.73249542374,0.4967214502103161,1.7064613123220624,1.777285123313357,True
421,6720.728420392644,5877.73722222713,-52655.10629931696,76951.07408432805,-52657.64525317994,76951.07977991113,2.538953862975177,-0.005695583080523647,2.538960251359442,True
422,7199.192298380429,5602.866665888291,13575.220633988443,38123.29581163349,13576.496440974872,38123.64320906207,-1.2758069864285062,-0.3473974285807344,1.3222588400174502,True
423,6799.894991795778,4857.434072580858,-42881.61442812708,-65097.28422017045,-42880.07254309263,-65098.410328557475,-1.541885034450388,1.1261083870267612,1.9093269910610096,True
424,6783.939051282372,5963.519040458097,-43759.53917589453,88810.35677485366,-43759.48461034827,88810.34277108657,-0.054565546262892894,0.01400376709352713,0.05633386487520325,True
425,6486.624912933906,4908.881802982079,-86408.03356195759,-57563.69039763036,-86406.32730457105,-57564.02560012052,-1.7062573865405284,0.3352024901614641,1.7388717544817849,True
426,7059.046286713818,5285.054487958745,-6305.817645702147,-5920.187426151504,-6305.93107373167,-5919.483534188573,0.11342802952276543,-0.7038919629312659,0.7129725193586692,True
427,7375.637621888154,4798.198774428958,37147.915379516606,-74040.32274178919,37149.025125901855,-74039.55020587769,-1.1097463852493092,-0.7725359114992898,1.352164477469345,True
428,7247.813578439858,5010.487566550882,19621.47476781631,-44343.624161557644,19621.90100210684,-44346.65022847382,-0.4262342905276455,3.0260669161798432,3.055937933208034,True
429,7542.180788012134,6237.120401406984,62076.62697541635,125970.91502020363,62076.30039930788,125971.09051956529,0.3265761084694532,-0.17549936166324187,0.37074516931075097,True
430,7387.130853420586,5834.887977099606,40006.63382515288,70176.89634600564,40006.25440948906,70177.83869592535,0.379415663817781,-0.9423499197146157,1.0158639757056207,True
431,6148.413521685042,6101.6661287327715,-132045.39341725333,108828.00581633078,-132046.2664994156,108828.5295464337,0.8730821622593794,-0.5237301029119408,1.0181186977713677,True
432,7939.331082491295,5372.021637215684,116279.92457149288,5111.163161882316,116280.88754709078,5110.777318981217,-0.9629755978967296,0.38584290109884023,1.037399029531517,True
433,6364.255258433383,4833.24302748966,-103532.42465700138,-67941.87165743845,-103529.70465062236,-67943.3944638676,-2.7200063790223794,1.5228064291586634,3.11727029989531,True
434,6715.526453363785,6266.631198327922,-52915.486855207055,131083.8627407016,-52916.11354523087,131082.51290672657,0.62669002381881,1.349833975022193,1.4882177750847607,True
435,7944.588695964794,6010.86849735519,117801.43373316192,94003.83589098917,117800.99454522974,94003.40235052939,0.4391879321774468,0.43354045978048816,0.6171250845954802,True
436,7147.036761132359,5913.635374648788,6696.774805378489,81426.2324418182,6698.370967559015,81425.5711870051,-1.5961621805263349,0.6612548130942741,1.72771283330967,True
437,7337.817360076814,4448.522446651644,31464.59695659185,-122657.33498921421,31465.74526581799,-122656.90541011521,-1.1483092261405545,-0.42957909899996594,1.2260311093675975,True
438,7093.869082589259,4544.233602725022,-2360.321814508701,-109036.96346431089,-2361.581590861786,-109037.42483455458,1.259776353084817,0.46137024369090796,1.341603131166251,True
439,7236.530196719989,4897.051942108179,17914.12179838575,-60114.299785400246,17914.741431774375,-60115.198663672956,-0.6196333886255161,0.8988782727101352,1.091754407112651,True
440,7880.382650934009,5698.73563624569,108477.09765297137,50641.78761868738,108476.32024894097,50641.46089870045,0.7774040303920629,0.32671998692967463,0.8432692193654112,True
441,6228.007691357069,4987.314120803249,-122303.60654938586,-46342.405221939014,-122303.05099109148,-46341.30854315029,-0.5555582943779882,-1.0966787887227838,1.2293695067336963,True
442,6534.404569047648,5643.925163626284,-78864.15818628148,44647.081673689216,-78864.35903397172,44646.601670967284,0.20084769024106208,0.48000272193166893,0.5203291340459236,True
443,6678.125053490942,4577.31251907531,-60165.94260449307,-103933.90829332253,-60167.76738637552,-103933.70827648314,1.8247818824456772,-0.2000168393860804,1.8357112121845272,True
444,6555.662812078766,5709.816291748529,-75825.88211425756,53789.05405697218,-75827.16246033303,53788.521891060445,1.2803460754657863,0.5321659117325908,1.3865376412383548,True
445,6788.1091153104835,6237.102009464148,-42850.95619157185,126882.04155504346,-42851.00943979103,126882.12313525236,0.05324821917747613,-0.08158020890550688,0.09742024086727911,True
446,6609.6206713043275,4548.48672894617,-69735.98627439627,-107864.95800863345,-69736.20626931549,-107864.26434721242,0.21999491921451408,-0.6936614210280823,0.7277114342257506,True
447,7436.042205380373,5035.837512460182,45841.47283077455,-41050.76685368331,45839.920078454015,-41049.44654117467,1.552752320538275,-1.3203125086365617,2.038201385879023,True
448,7028.0319434594185,5094.270870679087,-10853.37083896053,-32422.678558896936,-10852.193281424241,-32423.265686694147,-1.1775575362898962,0.5871277972109965,1.315811841233756,True
449,7497.325865565379,5921.810240186497,55445.02440350305,82141.36785147985,55445.10921381377,82140.46700768694,-0.08481031072005862,0.9008437929151114,0.9048272365695658,True
450,6983.042606033851,5502.684408866423,-16615.810437509354,24449.90603997017,-16615.35133867568,24448.861431175985,-0.4590988336749433,1.0446087941854785,1.1410430631537674,True
451,7858.3385721969835,4478.626871902601,103942.53816435806,-119110.4740124144,103941.42339488279,-119113.74540748393,1.1147694752726238,3.2713950695324456,3.456115837752085,True
452,6605.322494696614,4699.935777790982,-70147.63162742554,-86781.50512209936,-70146.7574872329,-86781.37189425134,-0.8741401926381513,-0.13322784802585375,0.8842345479990387,True
453,8019.427083980634,4642.248022174455,126557.55102565672,-96542.21841057352,126557.43545945008,-96540.46360381451,0.11556620664487127,-1.7548067590105347,1.7586080602531486,True
454,7205.620232628868,5315.813897119859,14122.0482619252,-1817.316537394945,14122.188648365754,-1818.4560147859625,-0.14038644055472105,1.139477391017408,1.1480927999649955,True
455,6420.7844001045105,6271.79790244245,-93930.15105495171,132169.38306558743,-93930.99621277711,132169.74141627632,0.8451578254025662,-0.35835068888263777,0.9179907222090296,True
456,6414.241888404567,6230.394228210434,-94889.79493055977,126413.19564051335,-94890.25938676955,126413.85948513643,0.4644562097819289,-0.6638446230790578,0.8101908752855536,True
457,6268.496532963251,6172.988061451662,-115246.57093229637,118604.94245864701,-115245.3348042312,118605.62607126577,-1.236128065167577,-0.6836126187554328,1.4125646201206508,True
458,7812.083159672526,4841.147213013217,97930.3979239726,-68601.07763088885,97932.10559123894,-68600.82943303566,-1.7076672663388308,-0.24819785318686627,1.72560994052877,True
459,7588.876685488794,4672.120818525324,66668.65350516373,-91845.18404972102,66668.39131566037,-91846.33299644105,0.262189503366244,1.148946720029926,1.178482881141242,True
460,6615.165746246474,5602.202794889633,-67676.59960994456,38742.36879818252,-67676.91568869443,38742.74886210776,0.3160787498636637,-0.3800639252367546,0.49432212511857676,True
461,7250.19713893536,4709.532273769168,19590.152964342822,-86223.92142769962,19589.222058270494,-86224.02146594902,0.9309060723280709,0.1000382493948564,0.936265863331171,True
462,7886.93302573636,5745.151905513983,109443.43038612363,57092.86354836452,109445.28985283017,57092.51462442614,-1.859466706548119,0.3489239383779932,1.8919208090018245,True
463,8058.436113897969,4911.688505608598,132306.6221335919,-59088.36756195381,132306.10627651872,-59089.52186054381,0.5158570731873624,1.1542985900014173,1.2643234375889312,True
464,7178.109879368483,4656.252807872825,9493.337942587968,-93550.85931395648,9495.1388511061,-93550.3201506211,-1.8009085181311093,-0.5391633353719953,1.87988526056423,True
465,6533.128344305947,6153.034312547954,-78434.29822068033,115497.41114441957,-78434.69735429669,115496.38545528601,0.3991336163599044,1.0256891335593536,1.1006115765383684,True
466,6910.717234242708,5692.616271888759,-26445.94576125656,50961.35845127347,-26447.358560958983,50961.00074649384,1.4127997024224896,0.35770477962796576,1.4573797406763163,True
467,6301.406584681977,4477.461869943807,-112720.19913490844,-117389.15007332468,-112722.38083729717,-117387.70141152763,2.1817023887269897,-1.4486617970542284,2.61886355414356,True
468,7951.559699117445,5066.331177579076,117611.79063124582,-37436.917313906975,117613.71908348762,-37438.40409984031,-1.928452241802006,1.4867859333317028,2.4350483486912955,True
469,7254.177796755136,5796.40844546771,21460.461505592335,64982.04830245511,21461.709490203186,64984.41193860247,-1.2479846108508355,-2.363636147361831,2.6728713822471875,True
470,6148.096999894376,5138.297000855177,-133242.1381508139,-25235.449477336922,-133241.08644076812,-25236.183985270796,-1.0517100457800552,0.7345079338738287,1.2828078286782814,True
471,7584.494426943951,5615.9031274258905,67198.74386758322,39472.03131074857,67198.79186178898,39471.287102680355,-0.047994205757277086,0.7442080682158121,0.7457540429550367,True
472,7973.33915289717,6258.901549107444,122116.70571538457,128499.13483736495,122115.95854063219,128497.20995753197,0.7471747523813974,1.9248798329790588,2.0648080981063814,True
473,7985.639849353487,6041.744815489059,123554.8612147946,98253.25884692583,123554.36667588082,98252.8437511249,0.4945389137719758,0.41509580092679244,0.6456572319596684,True
474,6358.1631311833635,6051.841153389551,-102903.39789030646,101627.82209710998,-102905.93637724587,101629.62193445802,2.5384869394183625,-1.7998373480368173,3.111805010116445,True
475,6208.9775152563225,5258.548008833582,-124620.44666994723,-8574.96878101729,-124619.55412068906,-8577.131800904319,-0.8925492581620347,2.1630198870279855,2.339935727733597,True
476,6538.939155050933,4816.107984276568,-79239.040068884,-70537.07730455726,-79240.78834350093,-70535.92101072453,1.74827461692621,-1.156293832726078,2.0960628720982704,True
477,6861.51721034073,5171.180404903463,-33924.60681399997,-21521.791996266984,-33924.11755492512,-21521.696390899004,-0.48925907484954223,-0.09560536798016983,0.49851261639927796,True
478,7134.355577089754,5722.854435196427,4701.95723558421,54895.86489238631,4702.206740919681,54895.84975222355,-0.24950533547053055,0.015140162759053055,0.2499642713601938,True
479,7654.512949238504,4581.448742466659,75695.25352967798,-104546.56899283882,75694.29664768322,-104546.8268283588,0.9568819947598968,0.25783551998029,0.9910107503247306,True
480,7142.026591170859,5736.989121075838,5786.572495115543,56852.73200311427,5786.579704806975,56853.111495819365,-0.007209691432763066,-0.379492705091252,0.37956118461722554,True
481,6843.600796849246,6219.074696070015,-35149.76975605136,124304.91465246317,-35150.89360660409,124304.33879668334,1.1238505527289817,0.5758557798253605,1.26279449793999,True
482,6143.258807700629,5238.115310390469,-133794.43582376392,-11341.069290932632,-133792.58975575177,-11340.798220159571,-1.8460680121497717,-0.2710707730602735,1.8658634648575183,True
483,6793.707509149046,4881.5220062766575,-43712.0756183925,-61739.93402349221,-43711.4628081252,-61739.371767894285,-0.612810267295572,-0.562255597928015,0.8316656666619466,True
484,6604.358814282818,4926.556663292302,-70003.19286718761,-55247.89008463352,-70001.7352744227,-55245.707519385825,-1.457592764912988,-2.1825652476909454,2.6245319065987607,True
485,7222.192558809198,4739.631183804649,15729.557689586858,-82003.76844241575,15729.377747335326,-82001.5217971018,0.17994225153233856,-2.246645313949557,2.2538399190222074,True
486,7905.182968553077,5751.93306389087,111994.64624315235,58014.50310641914,111993.79287480103,58014.397251338865,0.8533683513232972,0.10585508027725155,0.8599086236692511,True
487,7564.060168691434,5221.880558356963,63875.533620874805,-15321.766353091632,63876.406751606024,-15322.400680794948,-0.8731307312191348,0.6343277033156483,1.0792260694557771,True
488,8032.523729804012,6041.775926614527,130081.46474888973,98204.08582671292,130081.43488321984,98202.29744697064,0.029865669886930846,1.7883797422837233,1.7886291009733102,True
489,7098.026773695438,6055.552481631764,52.218833732476924,101233.49896779336,52.19039907461803,101233.98539209191,0.028434657858895207,-0.4864242985495366,0.48725468493074664,True
490,7797.857945207367,6155.713694635572,97559.35506177787,114337.94734561449,97558.20902052599,114337.06957423521,1.146041251879069,0.8777713792806026,1.4435695844997272,True
491,7422.950962207691,4800.6379372625515,43734.57633007766,-73759.41209310718,43734.87696259271,-73758.14451865041,-0.30063251504907385,-1.2675744567677611,1.3027374687767357,True
492,6524.403627396537,5726.199418085271,-80158.06081230048,56104.87666547124,-80157.31377121607,56106.49121767756,-0.7470410844107391,-1.6145522063234239,1.7790023071208787,True
493,7986.368192100278,5820.144992562038,123380.11936310458,67410.77960290186,123378.89180322415,67410.32557861356,1.22755988042627,0.4540242883085739,1.3088320420918282,True
494,6914.266349793307,4897.623431465129,-26920.612433869,-59643.25134066629,-26918.731429676194,-59644.52231089124,-1.8810041928045393,1.2709702249485417,2.2701414242407902,True
495,8001.799103949962,5678.236989609177,125350.59775534587,47642.82359428631,125351.11948647755,47644.167107691144,-0.5217311316810083,-1.3435134048340842,1.441260435429357,True
496,6823.415552372257,5326.528476718613,-39034.111234961776,136.91378924247692,-39036.218130167785,136.38082229492036,2.1068952060086303,0.5329669475565595,2.1732604943471237,True
497,6651.930922001645,4511.5326027532765,-63894.34874553014,-113059.63203697403,-63894.24069796948,-113058.07539212648,-0.1080475606577238,-1.5566448475437937,1.5603901617059515,True
498,6732.828693655086,5471.2456003606885,-51465.15596895294,20378.675881092087,-51463.90072149419,20379.577759738164,-1.255247458750091,-0.9018786460765114,1.5456491435469315,True
499,7249.540930716875,4366.621282735597,19082.96402197765,-133949.08712682928,19083.63900031196,-133949.47733186683,-0.674978334311163,0.3902050375472754,0.7796510264963055,True
